TemCodigo,N Palavras corpo,N Palavras Titulo,N frases corpo,flesch,Media Caracteres Frase,Tamanho Codigo,Interogacao,Inicia com WH,Subjetividade,Polaridade,N de tags,N perguntas Feitas,N respostas Feitas,Rotulo
3608726.0,3608726.0,3608726.0,3608726.0,3608726.0,3608726.0,3608726.0,3608726.0,3608726.0,3608726.0,3608726.0,3608726.0,3608726.0,3608726.0,3608726.0
0.7689988101063921,108.8354009143393,9.606518200605976,8.610872645914375,40.42937111601157,70.19611647963848,841.3707034005906,0.22052935024715092,0.21109000794186092,0.40075625627991673,0.0649297038345388,2.9637276423868144,29.858108928192387,25.626154216197072,0.3984156735645765
0.42147323685660915,111.29156050100049,4.257957986948302,17.874532382269013,72.52258513250621,41.415725696084,1795.911079387857,0.41460367046157165,0.40808217632695,0.22326194580394573,0.16999714276469324,1.2073071022165047,81.05605345492322,241.394715030267,0.7147703842736726
0.0,1.0,1.0,1.0,-88285.79,0.0,0.0,0.0,0.0,0.0,-1.0,1.0,0.0,0.0,0.0
1.0,56.0,7.0,4.0,28.85,46.4,22.0,0.0,0.0,0.27,0.0,2.0,1.0,0.0,0.0
1.0,86.0,9.0,6.0,50.77,62.75,301.0,0.0,0.0,0.4071,0.0434,3.0,6.0,1.0,0.0
1.0,133.0,12.0,10.0,65.39,84.0,896.0,0.0,0.0,0.5298,0.1487,4.0,23.0,9.0,1.0
1.0,23749.0,75.0,3274.0,206.84,22718.0,49805.0,1.0,1.0,1.0,1.0,6.0,2452.0,57327.0,2.0
